snapped_at,DAI,WETH
2020-05-04 00:00:00+00:00,-0.004943655951493261,-0.02222837924113641
2020-05-05 00:00:00+00:00,-0.0027414541567782665,-0.014020211459343734
2020-05-06 00:00:00+00:00,0.0007143486371936451,-0.007911562661126581
2020-05-07 00:00:00+00:00,-0.0032395659953864016,-0.016342127621395086
2020-05-08 00:00:00+00:00,0.00028121315085318866,0.052327045111881354
2020-05-09 00:00:00+00:00,-0.004365369697738527,-0.007062177045191298
2020-05-10 00:00:00+00:00,0.004431065292795125,-0.003150402415347031
2020-05-11 00:00:00+00:00,0.002566144915396182,-0.11148923784387321
2020-05-12 00:00:00+00:00,0.0007724983861725982,-0.01548056989088753
2020-05-13 00:00:00+00:00,-0.0010626720812373126,0.02103338942225985
2020-05-14 00:00:00+00:00,0.0034213486619632423,0.052049321750363475
2020-05-15 00:00:00+00:00,-0.004923887447196441,0.024352043134901358
2020-05-16 00:00:00+00:00,0.0012397687700760633,-0.05087673110157365
2020-05-17 00:00:00+00:00,0.002464416561692784,0.030937187547754874
2020-05-18 00:00:00+00:00,0.0005497601557129042,0.032673798976738055
2020-05-19 00:00:00+00:00,-0.005525776406403388,0.03279577058386174
2020-05-20 00:00:00+00:00,-0.001055488713485291,-0.00027233002289062114
2020-05-21 00:00:00+00:00,-0.0010124369012979436,-0.019246626315454485
2020-05-22 00:00:00+00:00,-0.0008533295130425038,-0.05796642307361832
2020-05-23 00:00:00+00:00,0.003171114193185464,0.0410461809305378
2020-05-24 00:00:00+00:00,-0.0016144446590395788,-0.0012389200517146648
2020-05-25 00:00:00+00:00,-0.007250480673072262,-0.02179871398862776
2020-05-26 00:00:00+00:00,0.0071414110155367735,0.012299280968684378
2020-05-27 00:00:00+00:00,0.0014915631109058691,-0.015819670624377835
2020-05-28 00:00:00+00:00,0.00031359216896536396,0.033895768784605984
2020-05-29 00:00:00+00:00,-0.0007335899610375596,0.05702363286162182
2020-05-30 00:00:00+00:00,-0.0006346544648413786,0.0025164389720941926
2020-05-31 00:00:00+00:00,-0.0005155165795395164,0.09540101552890956
2020-06-01 00:00:00+00:00,-5.557834681078661e-05,-0.045194513946931636
2020-06-02 00:00:00+00:00,0.008274878234811855,0.06971517441394148
2020-06-03 00:00:00+00:00,-0.005860400036688623,-0.047998063820945625
2020-06-04 00:00:00+00:00,-0.0018220755255164815,0.02675950532162208
2020-06-05 00:00:00+00:00,0.00029317167943029485,0.000304559909458213
2020-06-06 00:00:00+00:00,-0.0010316498716820884,-0.01830657862221674
2020-06-07 00:00:00+00:00,0.00027123428232614106,0.012881454520019986
2020-06-08 00:00:00+00:00,0.0017228582933916752,0.005970493662627696
2020-06-09 00:00:00+00:00,-0.0015037074686557346,0.010016124341502675
2020-06-10 00:00:00+00:00,0.0013195435858740997,-0.008849549824570424
2020-06-11 00:00:00+00:00,0.00013448096102602804,0.013696920400351864
2020-06-12 00:00:00+00:00,0.0007539037565205495,-0.06465102436903347
2020-06-13 00:00:00+00:00,-0.0024912325620633333,0.024126704682856825
2020-06-14 00:00:00+00:00,-0.0004980685129139849,0.004271025263459016
2020-06-15 00:00:00+00:00,0.012074969913290325,-0.027369692990462546
2020-06-16 00:00:00+00:00,-0.004230004528741409,-0.006426662078444778
2020-06-17 00:00:00+00:00,-0.003813384878750472,0.019739859288467443
2020-06-18 00:00:00+00:00,0.005535175805836979,-0.00621683855888211
2020-06-19 00:00:00+00:00,-1.83509857307404e-05,-0.011148525915957386
2020-06-20 00:00:00+00:00,-0.0010069538601163806,-0.008313141462156004
2020-06-21 00:00:00+00:00,-0.0016833396533785967,-0.0013474238282658035
2020-06-22 00:00:00+00:00,0.00038350078088968467,-0.004089687095376604
2020-06-23 00:00:00+00:00,-0.0020191285084929676,0.06360249990881695
2020-06-24 00:00:00+00:00,0.000561435037431013,-0.00011686016988132764
2020-06-25 00:00:00+00:00,0.0014857043096243219,-0.0328034143643956
2020-06-26 00:00:00+00:00,-0.0046178509296490415,-0.011396871390306984
2020-06-27 00:00:00+00:00,-0.0003808653135295584,-0.010584950477237065
2020-06-28 00:00:00+00:00,0.0018049315798887794,-0.04091235250267822
2020-06-29 00:00:00+00:00,0.0003988076515999313,0.0181730011599317
2020-06-30 00:00:00+00:00,-0.0007457040793875233,0.012767464578532284
2020-07-01 00:00:00+00:00,0.004970431235977066,-0.008606940397896778
2020-07-02 00:00:00+00:00,0.0048835871560119655,0.023453123143134746
2020-07-03 00:00:00+00:00,-0.006364182061228614,-0.020455035307465508
2020-07-04 00:00:00+00:00,0.0076761082892789975,-0.004932139541894642
2020-07-05 00:00:00+00:00,-0.0022404980421725073,0.014348099411690463
2020-07-06 00:00:00+00:00,-0.001183651951463343,-0.003282613875521534
2020-07-07 00:00:00+00:00,0.0038718375650103973,0.05580536390398816
2020-07-08 00:00:00+00:00,-0.004283473952520947,-0.009849257750099483
2020-07-09 00:00:00+00:00,0.0033974469151205854,0.036029797313680945
2020-07-10 00:00:00+00:00,0.0035680260702836003,-0.022411867207758007
2020-07-11 00:00:00+00:00,-0.0008869134125829084,-0.0030977571045207597
2020-07-12 00:00:00+00:00,0.0006783776142349589,-0.006257632488963161
2020-07-13 00:00:00+00:00,0.0004140439666901405,0.004590550045815434
2020-07-14 00:00:00+00:00,-0.002894129365044216,-0.004509660526763604
2020-07-15 00:00:00+00:00,-0.0018973954311772671,0.0032364673352454076
2020-07-16 00:00:00+00:00,-0.0016971746402282394,-0.007873137764307536
2020-07-17 00:00:00+00:00,0.0029610350235797674,-0.020056549817355496
2020-07-18 00:00:00+00:00,-0.003033495228624195,-0.0045955526742105235
2020-07-19 00:00:00+00:00,-0.0014024520159105908,0.01237668189011032
2020-07-20 00:00:00+00:00,-0.002602695714473028,0.013639245276140244
2020-07-21 00:00:00+00:00,0.00195405925217664,-0.009798812423624348
2020-07-22 00:00:00+00:00,-0.00125768843374288,0.03658292048699341
2020-07-23 00:00:00+00:00,0.017078197886297206,0.06845099842238778
2020-07-24 00:00:00+00:00,0.004552890698923676,0.043765986510295285
2020-07-25 00:00:00+00:00,0.002888635251204544,0.016717129062339353
2020-07-26 00:00:00+00:00,-0.028265918145492303,0.08834793977834199
2020-07-27 00:00:00+00:00,0.0023887280728740207,0.02024918226551531
2020-07-28 00:00:00+00:00,0.0015986149123719167,0.03168858663462348
2020-07-29 00:00:00+00:00,0.008889047098911211,-0.011603159156256204
2020-07-30 00:00:00+00:00,0.008699803283350353,-0.0004260491730425642
2020-07-31 00:00:00+00:00,0.004190997702057428,0.0547864202027144
2020-08-01 00:00:00+00:00,-0.011393304167275724,0.030931239992140647
2020-08-02 00:00:00+00:00,-0.0035815321703601133,0.11464025781326193
2020-08-03 00:00:00+00:00,0.0022666592290506576,-0.042911167259632954
2020-08-04 00:00:00+00:00,-0.006867165978546464,0.03556064717367313
2020-08-05 00:00:00+00:00,0.0027612212585608545,0.012567316039471699
2020-08-06 00:00:00+00:00,0.0008540758397102017,0.026769340158686816
2020-08-07 00:00:00+00:00,-0.0005415486546157602,-0.013491863359985423
2020-08-08 00:00:00+00:00,0.0026422798719237233,-0.037489216773467504
2020-08-09 00:00:00+00:00,0.002151149952685994,0.02821937815834552
2020-08-10 00:00:00+00:00,-0.00285911195043477,-0.0047245043770871575
2020-08-11 00:00:00+00:00,-0.00045915135617502836,0.016227227641794073
2020-08-12 00:00:00+00:00,0.0059566542098081834,-0.043370393018002495
2020-08-13 00:00:00+00:00,-0.007219424114459687,0.02286729499697593
2020-08-14 00:00:00+00:00,0.0011780866636136554,0.09469107546386102
2020-08-15 00:00:00+00:00,-0.00824689691698825,0.028053237255032393
2020-08-16 00:00:00+00:00,-0.0017291574586423613,-0.012446916056196855
2020-08-17 00:00:00+00:00,0.0006861443181810515,0.0003447502269864344
2020-08-18 00:00:00+00:00,-0.003857749655649212,-0.00180829987858111
2020-08-19 00:00:00+00:00,0.000618401932346308,-0.0216694052551496
2020-08-20 00:00:00+00:00,0.002751201692936444,-0.04018745413849789
2020-08-21 00:00:00+00:00,-0.0008673641634278535,0.024763590889744336
2020-08-22 00:00:00+00:00,0.0012226663248328046,-0.068789194529292
2020-08-23 00:00:00+00:00,-0.002066998931521421,0.01821051267835916
2020-08-24 00:00:00+00:00,0.0021202092560440285,-0.010702991540666673
2020-08-25 00:00:00+00:00,0.010170766587115743,0.04266840817765427
2020-08-26 00:00:00+00:00,-0.0024086883628593268,-0.06083766412624314
2020-08-27 00:00:00+00:00,-0.00252625451572675,0.004477665449591051
2020-08-28 00:00:00+00:00,0.003246785717568758,-0.010332153320164572
2020-08-29 00:00:00+00:00,-0.0009434739612066353,0.03379303331766703
2020-08-30 00:00:00+00:00,-0.002250066978989027,0.010435538021410729
2020-08-31 00:00:00+00:00,0.0028904810713816422,0.06889230059882134
2020-09-01 00:00:00+00:00,0.000986069316500391,0.004003726551012221
2020-09-02 00:00:00+00:00,-0.0019202762645555167,0.10040447732752966
2020-09-03 00:00:00+00:00,-0.006972021891081057,-0.07371578331127093
2020-09-04 00:00:00+00:00,-0.004270296861571498,-0.15912732621761005
2020-09-05 00:00:00+00:00,0.016908539261056958,0.031141733673846872
2020-09-06 00:00:00+00:00,-0.002539010028344668,-0.15371651876467318
2020-09-07 00:00:00+00:00,0.0018745642390046967,0.05899460708971027
2020-09-08 00:00:00+00:00,0.010058418318047536,-0.0035655721930494266
2020-09-09 00:00:00+00:00,-0.0010355832199312673,-0.04482183547990637
2020-09-10 00:00:00+00:00,0.004612565071010703,0.042940621880044993
2020-09-11 00:00:00+00:00,0.0008924785241599328,0.044236074887310295
2020-09-12 00:00:00+00:00,0.002816513502537407,0.01769763377919986
2020-09-13 00:00:00+00:00,-0.007478262448821323,0.03485661608191304
2020-09-14 00:00:00+00:00,-0.0045786222216871834,-0.05794716877916706
2020-09-15 00:00:00+00:00,0.009613589266988992,0.029148132073370192
2020-09-16 00:00:00+00:00,-0.01376064215021858,-0.032633581368457065
2020-09-17 00:00:00+00:00,-0.0051452006016059655,0.0032003474298569756
2020-09-18 00:00:00+00:00,0.004003096846664958,0.06345245787024201
2020-09-19 00:00:00+00:00,0.0010924555147830452,-0.01874864009953825
2020-09-20 00:00:00+00:00,-0.010586109108351262,0.0058952719590461555
2020-09-21 00:00:00+00:00,0.0024695289860156566,-0.03503563866441439
2020-09-22 00:00:00+00:00,-0.004006273193669086,-0.08172409093963484
2020-09-23 00:00:00+00:00,0.0030119832500366235,0.006172567940813778
2020-09-24 00:00:00+00:00,0.001000224272106432,-0.06804693150779961
2020-09-25 00:00:00+00:00,-0.0007452012440707506,0.08279404707947347
2020-09-26 00:00:00+00:00,-0.0010008294404290716,0.008158383014855275
2020-09-27 00:00:00+00:00,-0.0007479737222224007,0.007763285035176537
2020-09-28 00:00:00+00:00,0.0010241341077512345,0.005266145727201632
2020-09-29 00:00:00+00:00,0.0007834159573562646,-0.0046399615115531034
2020-09-30 00:00:00+00:00,0.001509140316360718,0.012625174282939078
2020-10-01 00:00:00+00:00,-0.0017805427378323035,-0.0032094460709242156
2020-10-02 00:00:00+00:00,0.0006136983283553093,-0.015622976590075055
2020-10-03 00:00:00+00:00,0.0007130667544649506,-0.01941584820842479
2020-10-04 00:00:00+00:00,-0.005348067372865792,0.0030993497212623566
2020-10-05 00:00:00+00:00,0.003191191358843777,0.014673967041631819
2020-10-06 00:00:00+00:00,0.00039090100983541105,0.0038932033825966883
2020-10-07 00:00:00+00:00,0.0006703607474920336,-0.0395030046595064
2020-10-08 00:00:00+00:00,-0.002260171206825522,0.005526245342767133
2020-10-09 00:00:00+00:00,0.0026365111127839725,0.025456574698877965
2020-10-10 00:00:00+00:00,0.0020110555910677792,0.04191246352223832
2020-10-11 00:00:00+00:00,-0.00341359068369026,0.015396222082660671
2020-10-12 00:00:00+00:00,8.959641828580264e-05,0.009480165323219936
2020-10-13 00:00:00+00:00,-0.001351011681481367,0.03419466870443877
2020-10-14 00:00:00+00:00,0.0006610536813893408,-0.016480864149621688
2020-10-15 00:00:00+00:00,0.000748060695287836,-0.0042652477185258775
2020-10-16 00:00:00+00:00,-0.00449276050723931,-0.006856815807311456
2020-10-17 00:00:00+00:00,0.004589897164052505,-0.0289904017573841
2020-10-18 00:00:00+00:00,-0.003318266627104414,0.006488527489143969
2020-10-19 00:00:00+00:00,0.0027365658169668846,0.0220823477478298
2020-10-20 00:00:00+00:00,-0.0016040509469984615,0.0023936938602666658
2020-10-21 00:00:00+00:00,0.0005033093988618051,-0.026575813805721715
2020-10-22 00:00:00+00:00,-0.01842719094780681,0.06192418914579001
2020-10-23 00:00:00+00:00,0.008797674511578951,0.05623834454870469
2020-10-24 00:00:00+00:00,0.00963948255908543,-0.012401293596305152
2020-10-25 00:00:00+00:00,-0.005038439865708238,0.006755929322949328
2020-10-26 00:00:00+00:00,0.0013765205757602984,-0.013290870015891798
2020-10-27 00:00:00+00:00,-0.0011120775065471037,-0.03185714424262365
2020-10-28 00:00:00+00:00,0.004626032828649573,0.02482146022772902
2020-10-29 00:00:00+00:00,0.001187935174618543,-0.03670384842388774
2020-10-30 00:00:00+00:00,-0.00013172032683334348,-0.008565987594928437
2020-10-31 00:00:00+00:00,-0.00029496480534592535,-0.01102445184832579
2020-11-01 00:00:00+00:00,-0.0022095210110793274,0.01044701241332735
2020-11-02 00:00:00+00:00,0.00017560880116939803,0.02408094841607955
2020-11-03 00:00:00+00:00,0.001124127266494663,-0.030698072342477012
2020-11-04 00:00:00+00:00,0.0029415466868124313,0.01464564197517415
2020-11-05 00:00:00+00:00,-0.0032356004618325704,0.03132956365141659
2020-11-06 00:00:00+00:00,0.0004100578776155186,0.03645783351607079
2020-11-07 00:00:00+00:00,0.0018360923770232036,0.09121177190653018
2020-11-08 00:00:00+00:00,0.0013898232945484344,-0.04590975979944556
2020-11-09 00:00:00+00:00,-0.0036398366409147558,0.04584012098502921
2020-11-10 00:00:00+00:00,0.00094791440248327,-0.02572589845439932
2020-11-11 00:00:00+00:00,-0.004505384359805034,0.014288061846975175
2020-11-12 00:00:00+00:00,0.0017887626535226337,0.028052436524557578
2020-11-13 00:00:00+00:00,8.520632967781976e-05,-0.0015163235291657529
2020-11-14 00:00:00+00:00,0.0003633906195900172,0.026746806455751226
2020-11-15 00:00:00+00:00,0.000671328646833079,-0.027375801162866864
2020-11-16 00:00:00+00:00,0.000340960882567941,-0.029547137031928017
2020-11-17 00:00:00+00:00,-0.0034977269905368882,0.028027489236854386
2020-11-18 00:00:00+00:00,0.0002485661243403405,0.04571540290666487
2020-11-19 00:00:00+00:00,-0.00045240718302205513,-0.008633299249866333
2020-11-20 00:00:00+00:00,0.00017183506253458988,-0.015512142389156658
2020-11-21 00:00:00+00:00,-0.00012865915503795441,0.07800012877210971
2020-11-22 00:00:00+00:00,-0.0017566841298276479,0.07167688009964035
2020-11-23 00:00:00+00:00,-0.004522862226843944,0.023073584072964337
2020-11-24 00:00:00+00:00,0.0030993069898899548,0.08129872656050363
2020-11-25 00:00:00+00:00,-0.0012086587537284428,-0.006679202143193841
2020-11-26 00:00:00+00:00,0.00206197271121865,-0.06098193772582139
2020-11-27 00:00:00+00:00,0.0009968614918041475,-0.09165710593449639
2020-11-28 00:00:00+00:00,0.003026664097667266,-0.0032208440118468573
2020-11-29 00:00:00+00:00,-0.004242313258880422,0.03930666151479567
2020-11-30 00:00:00+00:00,0.0023791800086840256,0.06434234993497423
2020-12-01 00:00:00+00:00,0.0028685557979196835,0.06791603504445565
2020-12-02 00:00:00+00:00,-0.006832148524120584,-0.03708107888245493
2020-12-03 00:00:00+00:00,0.0018873893711465963,0.015043536315072714
2020-12-04 00:00:00+00:00,0.0036714445168344904,0.02878201290770921
2020-12-05 00:00:00+00:00,0.0009746615956212285,-0.07731174418499087
2020-12-06 00:00:00+00:00,-0.0035478601678614868,0.040103106919143094
2020-12-07 00:00:00+00:00,0.003932640513188771,0.011920232959219845
2020-12-08 00:00:00+00:00,-0.0014847436910642641,-0.01571951001162386
2020-12-09 00:00:00+00:00,-0.00131927849491116,-0.06653770701178718
2020-12-10 00:00:00+00:00,-0.00047123745799177797,0.03380334547583885
2020-12-11 00:00:00+00:00,0.0018557354059174328,-0.023336875097138332
2020-12-12 00:00:00+00:00,-0.0017610154650486158,-0.026949602018212282
2020-12-13 00:00:00+00:00,-0.003108717749992787,0.041212411167673046
2020-12-14 00:00:00+00:00,0.0028153639863023727,0.03850727226624162
2020-12-15 00:00:00+00:00,-0.001713538642833808,-0.008338625547835932
2020-12-16 00:00:00+00:00,-2.9345746190010454e-05,0.006166021952674683
2020-12-17 00:00:00+00:00,-0.0016900715162980495,0.076593580717633
2020-12-18 00:00:00+00:00,-0.0022787144784664486,0.012447824997674495
2020-12-19 00:00:00+00:00,0.0020542388115098774,0.015236931454270852
2020-12-20 00:00:00+00:00,0.0008623030957652946,0.009194177381785629
2020-12-21 00:00:00+00:00,0.002318109840036989,-0.0348982657277519
2020-12-22 00:00:00+00:00,-0.0013126273364320047,-0.04046045863767578
2020-12-23 00:00:00+00:00,0.0024543149994251173,0.03566002129191492
2020-12-24 00:00:00+00:00,0.0041831969822849115,-0.08173108991945632
2020-12-25 00:00:00+00:00,-0.00456983965124683,0.046440797813708024
2020-12-26 00:00:00+00:00,0.0005674293865765979,0.020183299771897367
2020-12-27 00:00:00+00:00,0.0014605476399499728,0.014360134468181407
2020-12-28 00:00:00+00:00,-0.0001631796036366184,0.08023665237254463
2020-12-29 00:00:00+00:00,0.0011663972278343048,0.06339155318123524
2020-12-30 00:00:00+00:00,-0.0023637401440607256,0.005808152866045191
2020-12-31 00:00:00+00:00,0.0006451543689848533,0.0216086460062499
2021-01-01 00:00:00+00:00,-0.0022757081994348245,-0.018908206027249186
2021-01-02 00:00:00+00:00,0.0014086039228899936,-0.010741170877678563
2021-01-03 00:00:00+00:00,0.0014504326454825613,0.06480592826422082
2021-01-04 00:00:00+00:00,0.002343054380619437,0.23082023467082813
2021-01-05 00:00:00+00:00,-0.0058180097255917055,0.04407909768677776
2021-01-06 00:00:00+00:00,-0.0015089232931171917,0.0710029201808311
2021-01-07 00:00:00+00:00,0.005525864256788899,0.08506018632665846
2021-01-08 00:00:00+00:00,-0.0056626695582969394,0.016565157596021507
2021-01-09 00:00:00+00:00,-0.001788690636790658,-0.00248933861664824
2021-01-10 00:00:00+00:00,0.0073659017584019,0.04745361628553102
2021-01-11 00:00:00+00:00,-0.0055681561717194515,-0.009023654017560112
2021-01-12 00:00:00+00:00,0.009450272056241877,-0.15140897608458115
2021-01-13 00:00:00+00:00,-0.0066261697614306905,-0.040025177003913726
2021-01-14 00:00:00+00:00,-0.0017695466212273732,0.0787571213925986
2021-01-15 00:00:00+00:00,0.00015897378908302437,0.07579788287748013
2021-01-16 00:00:00+00:00,-0.0021118113900938963,-0.039646037671522194
2021-01-17 00:00:00+00:00,0.002062823617984669,0.05266915958119611
2021-01-18 00:00:00+00:00,-0.0022212762608477938,0.0006314457609972735
2021-01-19 00:00:00+00:00,0.001712269087401081,0.017384538505333502
2021-01-20 00:00:00+00:00,-0.0018696252875227656,0.09298750127389166
2021-01-21 00:00:00+00:00,-0.000991201519090166,-0.006021280204708823
2021-01-22 00:00:00+00:00,0.004103210357660732,-0.18998063586986458
2021-01-23 00:00:00+00:00,-0.0011022945808584872,0.08929012379000856
2021-01-24 00:00:00+00:00,-0.002333212992570546,-0.0057400420900117766
2021-01-25 00:00:00+00:00,0.0020959727250774276,0.12020600222925726
2021-01-26 00:00:00+00:00,0.0008627516862365501,-0.04737577012525929
2021-01-27 00:00:00+00:00,0.0001860612160906579,0.027772344139880722
2021-01-28 00:00:00+00:00,-0.0015272043473621563,-0.088087409962748
2021-01-29 00:00:00+00:00,-0.003976878332094258,0.06348242839572649
2021-01-30 00:00:00+00:00,-0.0022362977958011354,0.03870922239211172
2021-01-31 00:00:00+00:00,0.0016055760718867535,-0.002848066563874596
2021-02-01 00:00:00+00:00,0.004219310580874113,-0.04495145072087148
2021-02-02 00:00:00+00:00,-0.0011492544437155534,0.03375251871176577
2021-02-03 00:00:00+00:00,0.0016702784323164958,0.10783434631279842
2021-02-04 00:00:00+00:00,-0.001238734946351583,0.09170296044550064
2021-02-05 00:00:00+00:00,0.0019511072395788248,-0.037731489477097035
2021-02-06 00:00:00+00:00,0.00036263672027559606,0.07212526022866683
2021-02-07 00:00:00+00:00,-0.0029022516428664873,-0.025034548462449457
2021-02-08 00:00:00+00:00,0.001843412823990431,-0.04358251036979688
2021-02-09 00:00:00+00:00,-0.000775399921543658,0.08468812356676558
2021-02-10 00:00:00+00:00,-0.0025389787268582115,0.010759059302241525
2021-02-11 00:00:00+00:00,0.0030270449008942915,-0.010841522840734363
2021-02-12 00:00:00+00:00,-0.00026871249219049187,0.02172731337493161
2021-02-13 00:00:00+00:00,-0.0019900510840031222,0.031278991828552094
2021-02-14 00:00:00+00:00,0.0016078692849298385,-0.016357471730713335
2021-02-15 00:00:00+00:00,-0.0013602944156606697,-0.0026572862080316284
2021-02-16 00:00:00+00:00,0.003803207434681047,-0.015314549486713958
2021-02-17 00:00:00+00:00,-0.0009241029642246979,-0.00044631347779855446
2021-02-18 00:00:00+00:00,-6.232137837604073e-05,0.03436253589089322
2021-02-19 00:00:00+00:00,0.0001945781118802936,0.04771647712827942
2021-02-20 00:00:00+00:00,0.0034016465978692753,0.01238500133691467
2021-02-21 00:00:00+00:00,-0.002390095978279185,-0.024077861332277628
2021-02-22 00:00:00+00:00,0.0018950402501535912,0.012603352106711263
2021-02-23 00:00:00+00:00,-0.0005377421415834528,-0.08458373730206326
2021-02-24 00:00:00+00:00,0.0030398680667193512,-0.13234226132127347
2021-02-25 00:00:00+00:00,0.003214799185980061,0.04048671815723903
2021-02-26 00:00:00+00:00,-0.011982059446714417,-0.10631403538802964
2021-02-27 00:00:00+00:00,0.009595595898949021,-0.0029814215469574634
2021-02-28 00:00:00+00:00,-0.001279900825512291,0.005239544290510878
2021-03-01 00:00:00+00:00,-0.0009643376636427354,-0.03473655827693012
2021-03-02 00:00:00+00:00,3.056760657138731e-05,0.09978178441708607
2021-03-03 00:00:00+00:00,0.0012604741027092683,-0.046347895357749636
2021-03-04 00:00:00+00:00,-0.00600652503618924,0.056956764900655266
2021-03-05 00:00:00+00:00,0.005794948040135336,-0.023755188143272044
2021-03-06 00:00:00+00:00,-0.005081249656127209,-0.0053682598465965015
2021-03-07 00:00:00+00:00,0.001331925887872664,0.08100018546625076
2021-03-08 00:00:00+00:00,-0.003290479925555659,0.038842025762346744
2021-03-09 00:00:00+00:00,0.0031477211579740722,0.06083062530194816
2021-03-10 00:00:00+00:00,0.0016028019360506793,0.016205325265508108
2021-03-11 00:00:00+00:00,-0.004747714796669628,-0.034568350458252795
2021-03-12 00:00:00+00:00,0.005239668169872426,0.014782765266596165
2021-03-13 00:00:00+00:00,0.00020927922241790412,-0.03320091035510142
2021-03-14 00:00:00+00:00,7.967124136921098e-05,0.08338489342836475
2021-03-15 00:00:00+00:00,0.00026192026064771924,-0.02946897455353792
2021-03-16 00:00:00+00:00,-0.0017077663734436292,-0.03961045146699327
2021-03-17 00:00:00+00:00,-0.002563964357260747,0.0004695097641826962
2021-03-18 00:00:00+00:00,0.003005410303401453,0.012217132478819615
2021-03-19 00:00:00+00:00,0.0003348648163045958,-0.02117555016703676
2021-03-20 00:00:00+00:00,-0.0025414528695281513,0.01861956775872642
2021-03-21 00:00:00+00:00,0.002566876006357156,-0.0033647928356259627
2021-03-22 00:00:00+00:00,-0.0012350599967449459,-0.010836650662409575
2021-03-23 00:00:00+00:00,0.0012944505403523101,-0.058891496746229066
2021-03-24 00:00:00+00:00,-0.004929508424995867,-0.00691585977665099
2021-03-25 00:00:00+00:00,0.002884787091227388,-0.05512456202586513
2021-03-26 00:00:00+00:00,-0.002205646955836303,0.0009735669484953746
2021-03-27 00:00:00+00:00,0.0012059393867178017,0.06860535161148995
2021-03-28 00:00:00+00:00,0.0011399578052828335,0.010489465941892817
2021-03-29 00:00:00+00:00,0.00014449994297891953,-0.017087874828448868
2021-03-30 00:00:00+00:00,-0.003272528598893918,0.07185982127585255
2021-03-31 00:00:00+00:00,0.0010585472665542793,0.015972085762846255
2021-04-01 00:00:00+00:00,-0.0011924362969478485,0.0401911142878415
2021-04-02 00:00:00+00:00,0.0019376912839899883,0.02739197362706758
2021-04-03 00:00:00+00:00,0.0013140124301639021,0.07825395637283439
2021-04-04 00:00:00+00:00,-0.0027556688980673733,-0.05800842429418651
2021-04-05 00:00:00+00:00,0.0021006805216573113,0.032430369121118297
2021-04-06 00:00:00+00:00,-0.0007259059905814051,0.01001072597268049
2021-04-07 00:00:00+00:00,-0.0010138918639082133,0.008094508835582381
2021-04-08 00:00:00+00:00,0.0022886772696019226,-0.06283751643086966
2021-04-09 00:00:00+00:00,-0.0016870073514682615,0.04634999095849679
2021-04-10 00:00:00+00:00,-0.001871728896112348,-0.004265168993241808
2021-04-11 00:00:00+00:00,0.002124680365818946,0.03275122573035105
2021-04-12 00:00:00+00:00,0.0012713457124459934,0.0010690917861051474
2021-04-13 00:00:00+00:00,-0.0011328923905043692,-0.0014042053899956386
2021-04-14 00:00:00+00:00,-0.00016485590011461044,0.07094780912296628
2021-04-15 00:00:00+00:00,0.0010488507367082183,0.05327558105749741
2021-04-16 00:00:00+00:00,-0.0003302959379862145,0.036112233024353735
2021-04-17 00:00:00+00:00,-0.004772278851184673,-0.0341052632366603
2021-04-18 00:00:00+00:00,0.004172138527011777,-0.03792218311411499
2021-04-19 00:00:00+00:00,-0.0020308879127084495,-0.04109179799728491
2021-04-20 00:00:00+00:00,-5.503491462004965e-05,-0.03458860867625635
2021-04-21 00:00:00+00:00,0.004380767121637444,0.07071852117640631
2021-04-22 00:00:00+00:00,-0.00897201744141016,0.018155687912379648
2021-04-23 00:00:00+00:00,0.007617442261437475,0.048596278323564945
2021-04-24 00:00:00+00:00,-0.0011192759728839157,-0.05439477598384013
2021-04-25 00:00:00+00:00,-0.0013577356386898346,-0.058867509438623955
2021-04-26 00:00:00+00:00,0.002803256108115967,0.032997748301268004
2021-04-27 00:00:00+00:00,-0.0009836906026961386,0.09613667994335717
2021-04-28 00:00:00+00:00,-0.0017993044637973372,0.04141534729098062
2021-04-29 00:00:00+00:00,0.0016949562541209904,0.03811221701205092
2021-04-30 00:00:00+00:00,0.0007405934158239,0.007920951502346618
2021-05-01 00:00:00+00:00,-0.00244943611560482,0.00653306993953251
2021-05-02 00:00:00+00:00,0.0013354330228034892,0.0601959240225014
2021-05-03 00:00:00+00:00,0.0014997126836640562,0.0018576971647608076
2021-05-04 00:00:00+00:00,0.0011763645726361478,0.13926458052593205
2021-05-05 00:00:00+00:00,-0.003491782372600562,-0.04926017740781674
2021-05-06 00:00:00+00:00,0.0006787369733656035,0.08804448129260933
2021-05-07 00:00:00+00:00,-0.0004270933958372805,-0.008295520807083179
2021-05-08 00:00:00+00:00,0.0014119886849809347,-0.0034441621349987628
2021-05-09 00:00:00+00:00,-0.0012785481251045621,0.10557992966546159
2021-05-10 00:00:00+00:00,0.0006542879842612063,0.005095724491864573
2021-05-11 00:00:00+00:00,0.0024351809892413354,0.010561347914999075
2021-05-12 00:00:00+00:00,-0.0018733041389564075,0.0547269204088785
2021-05-13 00:00:00+00:00,-0.0013369178043935517,-0.055021586538600786
2021-05-14 00:00:00+00:00,-0.006768978538484722,-0.057046624042483174
2021-05-15 00:00:00+00:00,0.007030212886727531,0.09274714188035738
2021-05-16 00:00:00+00:00,-0.001046565759172122,-0.1037117984693996
2021-05-17 00:00:00+00:00,0.001308608049973023,-0.01797878535712627
2021-05-18 00:00:00+00:00,0.0026756375284999775,-0.09151082446872927
2021-05-19 00:00:00+00:00,-0.0106317112128821,0.024633411370524882
2021-05-20 00:00:00+00:00,0.00213997959985152,-0.3026845586336133
2021-05-21 00:00:00+00:00,0.012502359705380849,0.0980772282020439
2021-05-22 00:00:00+00:00,-0.006239049474835821,-0.13283804094039198
2021-05-23 00:00:00+00:00,0.0028135092817586516,-0.042494954153173836
2021-05-24 00:00:00+00:00,-0.0008181198084205501,-0.09052402303711293
2021-05-25 00:00:00+00:00,0.0004908200481820468,0.21729364079838387
2021-05-26 00:00:00+00:00,-0.0010819947723228343,0.02374352804312796
2021-05-27 00:00:00+00:00,-0.003947338778392698,0.0655475084590762
2021-05-28 00:00:00+00:00,0.0025599279575013387,-0.042725747652996304
2021-05-29 00:00:00+00:00,0.004805824268904771,-0.12134285481221152
2021-05-30 00:00:00+00:00,-0.0066349952837142945,-0.06388041205416517
2021-05-31 00:00:00+00:00,0.0020849951909599086,0.04575097690687002
2021-06-01 00:00:00+00:00,-0.001523017682772598,0.12330099230750058
2021-06-02 00:00:00+00:00,0.003263263486181609,-0.0283342657464285
2021-06-03 00:00:00+00:00,-0.0027586357329993276,0.0317394760890668
2021-06-04 00:00:00+00:00,0.0009178435758047544,0.05651527612728735
2021-06-05 00:00:00+00:00,-0.0005592100579975279,-0.06205683968604614
2021-06-06 00:00:00+00:00,0.0001367870124385893,-0.03327275753056025
2021-06-07 00:00:00+00:00,0.0020696753300462976,0.038009452344346606
2021-06-08 00:00:00+00:00,-0.0005704260746337802,-0.04559665113646805
2021-06-09 00:00:00+00:00,0.00021816690895953492,-0.026680539034160233
2021-06-10 00:00:00+00:00,-0.0004564081329852987,0.037894709146168104
2021-06-11 00:00:00+00:00,0.002126073972405502,-0.05104053608636061
2021-06-12 00:00:00+00:00,-0.004004771707394364,-0.056580199647817686
2021-06-13 00:00:00+00:00,0.0032268160165265358,0.015458141376569756
2021-06-14 00:00:00+00:00,-0.0029043266694218995,0.05137358811933357
2021-06-15 00:00:00+00:00,0.0010641937092352488,0.02718729636078976
2021-06-16 00:00:00+00:00,0.0029635839137026046,-0.008026425216102417
2021-06-17 00:00:00+00:00,-0.0050144503534527715,-0.07842720386554536
2021-06-18 00:00:00+00:00,0.006226288699379447,0.002325411109642239
2021-06-19 00:00:00+00:00,-0.003406902124224909,-0.05956437461999009
2021-06-20 00:00:00+00:00,0.0024776238679382846,-0.026856192558480707
2021-06-21 00:00:00+00:00,-0.002635000823656289,0.033996828453719985
2021-06-22 00:00:00+00:00,-0.0006600987537818735,-0.17254645717232364
2021-06-23 00:00:00+00:00,0.0015481166643541192,-0.011585157910645627
2021-06-24 00:00:00+00:00,0.00020604651904144056,0.04881907549672704
2021-06-25 00:00:00+00:00,-0.0013216204865740058,0.010843424718620653
2021-06-26 00:00:00+00:00,-0.005817485156545503,-0.0811353627162692
2021-06-27 00:00:00+00:00,0.00918172960676562,-0.017229523739498376
2021-06-28 00:00:00+00:00,0.0016564582727195895,0.08875760295346513
2021-06-29 00:00:00+00:00,-0.004369518631619161,0.06157319074957179
2021-06-30 00:00:00+00:00,-0.002703521831320635,0.03942370103162851
2021-07-01 00:00:00+00:00,0.0030033474404391096,0.043478502537436015
2021-07-02 00:00:00+00:00,-0.00011637763307443009,-0.06909630973651204
2021-07-03 00:00:00+00:00,0.00409831927791275,0.01471749558939095
2021-07-04 00:00:00+00:00,-0.004012185585599621,0.027781607253451135
2021-07-05 00:00:00+00:00,-0.004587068501930578,0.050501087998895855
2021-07-06 00:00:00+00:00,0.007491100679525248,-0.04452402835265623
2021-07-07 00:00:00+00:00,-0.002488395534505152,0.03690721906601713
2021-07-08 00:00:00+00:00,-0.0019040668648201465,0.0014061103793148177
2021-07-09 00:00:00+00:00,0.0010640102380157438,-0.08923389503065593
2021-07-10 00:00:00+00:00,0.0018872582738761715,0.018721617537807766
2021-07-11 00:00:00+00:00,0.0004460001388017377,-0.018224315807600533
2021-07-12 00:00:00+00:00,-0.0027215191623964166,0.011763596220760064
2021-07-13 00:00:00+00:00,0.0017486179011764551,-0.05040829344607811
2021-07-14 00:00:00+00:00,0.0007774980124452451,-0.0486254791531584
2021-07-15 00:00:00+00:00,-0.0007384902745917032,0.02759997974402406
2021-07-16 00:00:00+00:00,0.0009898289816764128,-0.04330399355776038
2021-07-17 00:00:00+00:00,-0.006022098883640118,-0.01772546132730035
2021-07-18 00:00:00+00:00,0.003722317686857668,0.011230417840137896
2021-07-19 00:00:00+00:00,-0.00027420775003388466,0.0004011849460043848
2021-07-20 00:00:00+00:00,0.0011024145457372175,-0.04042426840608204
2021-07-21 00:00:00+00:00,-0.0019320505347627057,-0.018964317833789934
2021-07-22 00:00:00+00:00,0.002738803425875062,0.10836978627121052
2021-07-23 00:00:00+00:00,-0.0014843190451651308,0.01338470535978864
2021-07-24 00:00:00+00:00,0.0037029091299879188,0.04208502062686037
2021-07-25 00:00:00+00:00,-0.004372327001790608,0.031755648025282746
2021-07-26 00:00:00+00:00,0.0005714191431398456,0.005290404073046595
2021-07-27 00:00:00+00:00,-0.0035348464212910866,0.017496625478173655
2021-07-28 00:00:00+00:00,0.005453461711070004,0.02328889523551947
2021-07-29 00:00:00+00:00,-0.004836578409856755,0.008160072537427787
2021-07-30 00:00:00+00:00,0.006403702572748714,0.035706389104156244
2021-07-31 00:00:00+00:00,-0.0019183677272056566,0.03123283238577912
2021-08-01 00:00:00+00:00,-0.002356894742110353,0.03272682593331666
2021-08-02 00:00:00+00:00,-7.370413254860725e-05,0.0046509149763211965
2021-08-03 00:00:00+00:00,0.0005488370281010167,0.025659351972366906
2021-08-04 00:00:00+00:00,0.0037314604697342994,-0.03845181092399397
2021-08-05 00:00:00+00:00,-0.011001687655988367,0.07895873664156916
2021-08-06 00:00:00+00:00,0.005457372965530839,0.03280096207351324
2021-08-07 00:00:00+00:00,-0.0003991467061711971,0.024561028115687833
2021-08-08 00:00:00+00:00,-0.0003851159201908108,0.08505681468888415
2021-08-09 00:00:00+00:00,0.003767535434422973,-0.03746088038083606
2021-08-10 00:00:00+00:00,0.0004321613066575608,0.04095699976653577
2021-08-11 00:00:00+00:00,-0.0033829763788445276,-0.004534772007183108
2021-08-12 00:00:00+00:00,-0.0013384450153289486,0.007827844098008185
2021-08-13 00:00:00+00:00,0.0010404431126027943,-0.04220504735923747
2021-08-14 00:00:00+00:00,0.0005216131330098529,0.08887566800995828
2021-08-15 00:00:00+00:00,-0.0008282100332665944,-0.016190528744296273
2021-08-16 00:00:00+00:00,0.0009960335049052878,0.010983446569314381
2021-08-17 00:00:00+00:00,0.00014039614798522682,-0.04490000702902108
2021-08-18 00:00:00+00:00,0.0006984231479138193,-0.04266350311624123
2021-08-19 00:00:00+00:00,0.0017124413514980747,0.006308492327812942
2021-08-20 00:00:00+00:00,0.0059827418753446715,0.019373833332616996
2021-08-21 00:00:00+00:00,-0.009835710219073989,0.05433287181945978
2021-08-22 00:00:00+00:00,0.0016749519647287284,-0.012261996223138283
2021-08-23 00:00:00+00:00,0.00494945880245845,0.001316943369353396
2021-08-24 00:00:00+00:00,-0.0059367604368070585,0.028354618594098824
2021-08-25 00:00:00+00:00,0.001974284961408775,-0.03988295673304876
2021-08-26 00:00:00+00:00,-0.002491251670184908,0.006156068051305752
2021-08-27 00:00:00+00:00,-6.257876915897212e-05,-0.032668483562334316
2021-08-28 00:00:00+00:00,0.002879813343871954,0.04792791651907713
2021-08-29 00:00:00+00:00,-0.002515341580751043,-0.008003792464080561
2021-08-30 00:00:00+00:00,-0.00021711140954435449,-0.00341290024988794
2021-08-31 00:00:00+00:00,-0.0021115801487347602,-0.002598725094497212
2021-09-01 00:00:00+00:00,0.006154332893419885,0.061806101088913934
2021-09-02 00:00:00+00:00,-0.0038231330961251263,0.09591885774466036
2021-09-03 00:00:00+00:00,-0.00030782763611895904,0.0029503618181099256
2021-09-04 00:00:00+00:00,-0.0009533371487269323,0.033086886576313645
2021-09-05 00:00:00+00:00,-0.0005679877088242871,-0.007139329227442204
2021-09-06 00:00:00+00:00,0.0013152256773513282,0.015603722093251449
2021-09-07 00:00:00+00:00,0.0008622158308862293,-0.004263553216159011
2021-09-08 00:00:00+00:00,0.0011012859211023988,-0.13152774357109287
2021-09-09 00:00:00+00:00,0.0023570358366032,0.016483244751702486
2021-09-10 00:00:00+00:00,0.0005199653427365603,-0.01929443976752232
2021-09-11 00:00:00+00:00,-0.006728866979861126,-0.06957536678023146
2021-09-12 00:00:00+00:00,0.00483718739396314,0.01807834098049632
2021-09-13 00:00:00+00:00,0.008242368252546775,0.04525325036192562
2021-09-14 00:00:00+00:00,-0.006739073850775712,-0.03753429827117394
2021-09-15 00:00:00+00:00,-0.002427570683528394,0.037678990249922606
2021-09-16 00:00:00+00:00,0.00012535893514654798,0.0547648165844965
2021-09-17 00:00:00+00:00,0.0003201154704846718,-0.010675249154241229
2021-09-18 00:00:00+00:00,0.0022448224449074993,-0.047738586283797346
2021-09-19 00:00:00+00:00,-0.0005293541750961786,0.007787965075964465
2021-09-20 00:00:00+00:00,0.0006567942874607662,-0.0313613531464636
2021-09-21 00:00:00+00:00,-0.013343267937001854,-0.12450715212756602
2021-09-22 00:00:00+00:00,0.004002726938991497,-0.07658655274098436
2021-09-23 00:00:00+00:00,0.005540401738336415,0.11821690739516466
2021-09-24 00:00:00+00:00,0.0017116804587864376,0.029251818739677304
2021-09-25 00:00:00+00:00,-0.00013997270507029548,-0.07219463860182973
2021-09-26 00:00:00+00:00,0.0019273382374944124,0.003267622425536132
2021-09-27 00:00:00+00:00,-0.00027183411660368795,0.03642290908223256
2021-09-28 00:00:00+00:00,-0.00943729507686715,-0.03530228690084858
2021-09-29 00:00:00+00:00,0.00015754671602855562,-0.04779829076941411
2021-09-30 00:00:00+00:00,0.009215608346528584,0.015602469138225494
2021-10-01 00:00:00+00:00,0.001917665600675664,0.05357606843943685
2021-10-02 00:00:00+00:00,-0.0031278856354488025,0.09169556788644151
2021-10-03 00:00:00+00:00,-0.003192722438764157,0.026760553584706415
2021-10-04 00:00:00+00:00,0.004123551429143816,0.011019832942221086
2021-10-05 00:00:00+00:00,-0.0003175480360329704,-0.00700164143784221
2021-10-06 00:00:00+00:00,-0.0014922709938172704,0.03561623411568959
2021-10-07 00:00:00+00:00,0.0005921823419463605,0.020232157218048386
2021-10-08 00:00:00+00:00,-0.0012695450906475543,-0.0015663166447712484
2021-10-09 00:00:00+00:00,0.0007540780637910903,-0.0066806435088686555
2021-10-10 00:00:00+00:00,0.0011456977526737668,0.006053983845676569
2021-10-11 00:00:00+00:00,-0.0017109227114052727,-0.044583364011188564
2021-10-12 00:00:00+00:00,0.006008973358569289,0.02943741794058674
2021-10-13 00:00:00+00:00,-0.005268864378010481,-0.009857341805796338
2021-10-14 00:00:00+00:00,0.002794031837638135,0.02840905867836696
2021-10-15 00:00:00+00:00,-0.002844927216303177,0.050545039172320116
2021-10-16 00:00:00+00:00,0.0029168653234653637,0.020928352367548086
2021-10-17 00:00:00+00:00,-0.002031924638371979,-0.005440110311571544
2021-10-18 00:00:00+00:00,0.0018458137930119074,-0.0029577723965772407
2021-10-19 00:00:00+00:00,-0.003853252283333574,-0.023125484336169677
2021-10-20 00:00:00+00:00,-0.001004066252538566,0.029931128702935794
2021-10-21 00:00:00+00:00,0.0005090193124807089,0.06956736780677986
2021-10-22 00:00:00+00:00,0.0005281944924282664,-0.014418815284239273
2021-10-23 00:00:00+00:00,0.004760568077059992,-0.021690277773378952
2021-10-24 00:00:00+00:00,0.000799511432743677,0.044478851504909045
2021-10-25 00:00:00+00:00,-0.0013700849470042308,-0.023626251499065276
2021-10-26 00:00:00+00:00,-0.00010765992211443642,0.03517298480043429
2021-10-27 00:00:00+00:00,-0.004928956270076717,-0.02270757221922537
2021-10-28 00:00:00+00:00,-0.0009011852238826253,-0.04723659279229686
2021-10-29 00:00:00+00:00,-0.00011397692654042957,0.08250975910488911
2021-10-30 00:00:00+00:00,0.0007396239941689041,0.03253867755763373
2021-10-31 00:00:00+00:00,0.004246459079107996,-0.02412956819593326
2021-11-01 00:00:00+00:00,-0.003978585690000748,-0.005164710081629664
2021-11-02 00:00:00+00:00,0.0015949971140913496,0.006240377479374004
2021-11-03 00:00:00+00:00,0.0010474023542417674,0.0627243946066347
2021-11-04 00:00:00+00:00,-0.001824413958241302,0.001105424674564759
2021-11-05 00:00:00+00:00,0.003800372702514208,-0.010681041509174705
2021-11-06 00:00:00+00:00,-0.0011834558498679385,-0.013692370409886578
2021-11-07 00:00:00+00:00,-0.0001868240210455862,0.007306076217636459
2021-11-08 00:00:00+00:00,-0.0042185042908936266,0.020247764718936523
2021-11-09 00:00:00+00:00,0.001907344012808215,0.03863929536206001
2021-11-10 00:00:00+00:00,0.0001942049291354601,-0.010566556535675176
2021-11-11 00:00:00+00:00,0.003262304223878924,-0.02508018404486556
2021-11-12 00:00:00+00:00,-0.003245193872997776,0.024739591265083405
2021-11-13 00:00:00+00:00,0.0064458071224578585,-0.01321799674813029
2021-11-14 00:00:00+00:00,-0.004444436762649924,-0.006360893517458166
2021-11-15 00:00:00+00:00,0.005152633017341066,-0.004140288810189574
2021-11-16 00:00:00+00:00,-0.00518127826161116,-0.011075194788322307
2021-11-17 00:00:00+00:00,-0.0007444771271770435,-0.07263032637244216
2021-11-18 00:00:00+00:00,0.005256847079558534,0.002418005661875
2021-11-19 00:00:00+00:00,-0.00831358883285267,-0.07063909044294547
2021-11-20 00:00:00+00:00,0.006909510752525105,0.07656559232808746
2021-11-21 00:00:00+00:00,0.0004242854789241494,0.029587118605515883
2021-11-22 00:00:00+00:00,-0.0021723343787803115,-0.0214984897505186
2021-11-23 00:00:00+00:00,-0.004654868049723191,-0.055871518896180916
2021-11-24 00:00:00+00:00,0.0010892949593689196,0.06042491664731742
2021-11-25 00:00:00+00:00,0.0013086337374147044,-0.02025313779820337
2021-11-26 00:00:00+00:00,-0.00428394809975826,0.056247765911605185
2021-11-27 00:00:00+00:00,0.0022136063590876753,-0.10837713617945788
2021-11-28 00:00:00+00:00,-0.0013741683083771984,0.005865917176540947
2021-11-29 00:00:00+00:00,0.0028385434933819106,0.053289682946232375
2021-11-30 00:00:00+00:00,-0.003027779037849355,0.031536799092963363
2021-12-01 00:00:00+00:00,-0.0006079353841913653,0.04438654828088495
2021-12-02 00:00:00+00:00,0.003317845162000788,-0.011309900438588372
2021-12-03 00:00:00+00:00,-0.0037817038549818626,-0.013109127890768235
2021-12-04 00:00:00+00:00,0.002166808390308564,-0.065811550432894
2021-12-05 00:00:00+00:00,-0.00011110676957182557,-0.03687703891004901
2021-12-06 00:00:00+00:00,0.0008832257911713908,0.025633989785132982
2021-12-07 00:00:00+00:00,0.0005474937830746895,0.03298838322949749
2021-12-08 00:00:00+00:00,0.0019336613324996681,-0.0070423422098429
2021-12-09 00:00:00+00:00,-0.0016021499888528785,0.02803445387573511
2021-12-10 00:00:00+00:00,-0.003348827304213301,-0.06260678527648622
2021-12-11 00:00:00+00:00,-0.002788222492280966,-0.05748037756460889
2021-12-12 00:00:00+00:00,0.0043314082657480634,0.03500748050654856
2021-12-13 00:00:00+00:00,-0.0005721083720038492,0.01806868401633821
2021-12-14 00:00:00+00:00,-0.0001398459945914812,-0.08793151331742699
2021-12-15 00:00:00+00:00,0.0038035315857384167,0.015995789221882717
2021-12-16 00:00:00+00:00,-0.0029834094755696173,0.0412170242417389
2021-12-17 00:00:00+00:00,0.00022356797224515345,-0.006706263823883063
2021-12-18 00:00:00+00:00,0.00043195022861372025,-0.025153423190808155
2021-12-19 00:00:00+00:00,0.0005967140230376841,0.023048190008301717
2021-12-20 00:00:00+00:00,-0.0029139055250535033,-0.008585909778918932
2021-12-21 00:00:00+00:00,0.005858084129637502,0.003033658776605108
2021-12-22 00:00:00+00:00,-0.0019846022725797993,0.020158191999428254
2021-12-23 00:00:00+00:00,-0.000295476405979999,-0.010366302497210711
2021-12-24 00:00:00+00:00,0.0026118511801561245,0.031614233503246325
2021-12-25 00:00:00+00:00,-0.0026447897216672744,-0.01759113516285815
2021-12-26 00:00:00+00:00,-0.0022141704189045357,0.011193983648347228
2021-12-27 00:00:00+00:00,0.0012965783469199863,-0.0042149012567485045
2021-12-28 00:00:00+00:00,-0.0019550555115203346,-0.0086016100176316
2021-12-29 00:00:00+00:00,0.0012538145149662873,-0.05968005794352571
2021-12-30 00:00:00+00:00,0.0031823862106703004,-0.04015385586528275
2021-12-31 00:00:00+00:00,0.0003386037523150612,0.01647742335075897
2022-01-01 00:00:00+00:00,-0.004073112313995303,-0.010170727943108915
2022-01-02 00:00:00+00:00,0.005203560102098679,0.02442345391413525
2022-01-03 00:00:00+00:00,-0.0028462068461628425,0.01564600436796937
2022-01-04 00:00:00+00:00,0.00042407088635672795,-0.017018024306572954
2022-01-05 00:00:00+00:00,-0.002188857899818035,0.00938932100917178
2022-01-06 00:00:00+00:00,0.0027593100180142442,-0.06574271113473529
2022-01-07 00:00:00+00:00,-0.002790969367876081,-0.04089220470279287
2022-01-08 00:00:00+00:00,0.0035055276208954536,-0.06925602641386774
2022-01-09 00:00:00+00:00,-0.005459496923277327,-0.029194399919507674
2022-01-10 00:00:00+00:00,0.004875850474448435,0.02098286127038662
2022-01-11 00:00:00+00:00,-0.0017826601301276746,-0.027822388086386596
2022-01-12 00:00:00+00:00,-0.0014565798612037717,0.05325266362468106
2022-01-13 00:00:00+00:00,0.0018152092287164801,0.039017294113346424
2022-01-14 00:00:00+00:00,-0.0008095081812547853,-0.03568956166768622
2022-01-15 00:00:00+00:00,-0.00143946770484808,0.01774285956524224
2022-01-16 00:00:00+00:00,0.0002393313295630693,0.006805904053639011
2022-01-17 00:00:00+00:00,0.0007518129453540389,0.005877628733264473
2022-01-18 00:00:00+00:00,0.0012362839619473641,-0.042905947784364074
2022-01-19 00:00:00+00:00,-0.0015889589616983621,-0.014223884252501762
2022-01-20 00:00:00+00:00,-0.002325652671577047,-0.018028209520171146
2022-01-21 00:00:00+00:00,0.004114147194102728,-0.03543144448874358
2022-01-22 00:00:00+00:00,0.0008271962907696166,-0.17546684601919083
2022-01-23 00:00:00+00:00,0.0022359508598753866,-0.07246295828137317
2022-01-24 00:00:00+00:00,-0.0016643317160766002,0.06819603463613788
2022-01-25 00:00:00+00:00,0.000884002121084383,-0.07734081013657956
2022-01-26 00:00:00+00:00,-0.0020550492592057235,0.05426663656737141
2022-01-27 00:00:00+00:00,-0.00042886449083028044,-0.010684396342141689
2022-01-28 00:00:00+00:00,0.002610401748736652,-0.03679852574736486
2022-01-29 00:00:00+00:00,-0.002607261466319172,0.0861035079532595
2022-01-30 00:00:00+00:00,0.0006153656017746985,0.01888873657296486
2022-01-31 00:00:00+00:00,-0.0017089955273563483,0.0062222063519294935
2022-02-01 00:00:00+00:00,0.0009995745210913064,0.028748369000421548
2022-02-02 00:00:00+00:00,0.00040252511192206074,0.03862460922318878
2022-02-03 00:00:00+00:00,-0.0004293640819408608,-0.03961160024508903
2022-02-04 00:00:00+00:00,-0.00045197805733458317,-0.005188058623977199
2022-02-05 00:00:00+00:00,0.0035005471192580055,0.11147083789653234
2022-02-06 00:00:00+00:00,-0.004440358084744033,0.010251212073185911
2022-02-07 00:00:00+00:00,0.0008173508394867006,0.014014961991900776
2022-02-08 00:00:00+00:00,-0.00035573357478238705,0.026769779990445386
2022-02-09 00:00:00+00:00,0.0016981949874036448,-0.0038141108035620874
2022-02-10 00:00:00+00:00,-0.0008405465061124438,0.03303502160147431
2022-02-11 00:00:00+00:00,0.0011873563604057015,-0.051309905669727485
2022-02-12 00:00:00+00:00,-0.002411906313918793,-0.049584608326706636
2022-02-13 00:00:00+00:00,0.001927719347397432,-0.0048168935074688335
2022-02-14 00:00:00+00:00,-0.0011348088058757803,-0.010058661547295955
2022-02-15 00:00:00+00:00,-0.0007542248424358126,0.016745342933136342
2022-02-16 00:00:00+00:00,-0.0008009025645222923,0.08088044932005811
2022-02-17 00:00:00+00:00,0.0007857705472373555,-0.011983818621757791
2022-02-18 00:00:00+00:00,-0.0008557413723219354,-0.08692357628345615
2022-02-19 00:00:00+00:00,0.0013519774867277502,-0.03329033341570575
2022-02-20 00:00:00+00:00,0.0024221361475973095,-0.008064410681779322
2022-02-21 00:00:00+00:00,-0.002489336683232476,-0.0481988629827228
2022-02-22 00:00:00+00:00,0.00022803683993576014,-0.022690175053492467
2022-02-23 00:00:00+00:00,-0.001346811098228746,0.02651099784743227
2022-02-24 00:00:00+00:00,0.001140442976833336,-0.019636117641560702
2022-02-25 00:00:00+00:00,0.0006554376403884162,0.0020858081651145
2022-02-26 00:00:00+00:00,-0.0008104914168044184,0.06430644449529588
2022-02-27 00:00:00+00:00,0.002054842494942572,0.00293298432572886
2022-02-28 00:00:00+00:00,-0.0008032892395657167,-0.05627301646057248
2022-03-01 00:00:00+00:00,-0.0008012285396902373,0.10420839443850483
2022-03-02 00:00:00+00:00,-0.0002444822754744283,0.017309709712431953
2022-03-03 00:00:00+00:00,-0.0006288723066891317,-0.008573587290902296
2022-03-04 00:00:00+00:00,-0.0010164779471080103,-0.037035574090646506
2022-03-05 00:00:00+00:00,0.0009971483513729416,-0.07965312075921283
2022-03-06 00:00:00+00:00,0.0016696999715182478,0.019570449587553718
2022-03-07 00:00:00+00:00,-0.000882284057289381,-0.04315853656463453
