replicate,calibration_success,selection_feasible,objective,n_iter,error,mu1,sigma1,lam1,p1,eta1_pos,eta1_neg,mu2,sigma2,lam2,p2,eta2_pos,eta2_neg,rho,reference_H0,p_surv_at_reference_H0,p_liq_at_reference_H0,selected_H0,selected_h0,selected_initial_leverage,selected_p_surv,selected_p_liq
0,True,True,0.005372708752955931,29,,0.16920526253869947,0.26301319442112525,851.6329027834629,0.17363732031440082,0.015243136492560467,0.0025547344725145565,-0.4301392007588327,0.33036673447040704,1284.4714882358226,0.1064738203755417,0.016604822095876572,0.002086028469801006,0.8566601861199734,1.1621119295105666,0.8766928560668465,0.12330714393315345,1.1808356852756936,0.16622239567748334,2.945934527918886,0.9052682480575949,0.09473175194240513
1,True,True,0.004407187978692514,38,,0.16621696696851063,0.24616365544599747,804.3392719108303,0.09631408734535361,0.01875456547563306,0.004238773691462019,-0.4517752460307491,0.3073673314658048,1497.8042669793829,0.06208581826038616,0.012751945103778573,0.0031288137012805395,0.8990695496353663,1.1621119295105666,0.9186736026696236,0.08132639733037639,1.1527500516280031,0.14215043689149376,3.0925550421611314,0.904045984365289,0.09595401563471095
2,True,True,0.005803741956705902,31,,0.15429003954688797,0.21681800101641668,806.9788192064881,0.36766485611772154,0.008966589485146486,0.004773071657778482,-0.3972569818931813,0.2579239598971033,936.2799772624612,0.6974138650076451,0.009382007647226123,0.011877653751642816,0.9151485715278868,1.1621119295105666,0.7972591946132491,0.20274080538675088,1.227645074688511,0.2050977608219412,2.7424518756131846,0.9033927446291371,0.0966072553708629
3,True,True,0.008683015055305417,34,,0.1677597425068181,0.21721950786573696,709.7250629280051,0.23860405395121362,0.014666210268390793,0.004734411530261963,-0.32670183190247337,0.2745809245743563,893.665595485878,0.433430798928507,0.015890201113952254,0.011329055872001025,0.8803283938796661,1.1621119295105666,0.6871518717385041,0.3128481282614959,1.3072210366903008,0.267903537933448,2.479455381554106,0.9016287721361648,0.09837122786383523
4,True,True,0.004491077348035399,27,,0.1840516273893734,0.2284274358897103,524.9890798713631,0.2598954863635209,0.01704427600094738,0.007637488015975543,-0.4057757951368508,0.2554353814001525,993.4342703796987,0.3088925945558311,0.012511740512078299,0.007756970231044409,0.867013717757344,1.1621119295105666,0.7658078323719294,0.2341921676280706,1.2463688304536382,0.22023438816250226,2.6724959925844356,0.9012456218682252,0.09875437813177479
5,True,True,0.007115505808538989,47,,0.15361012202694865,0.2651588710694612,747.6528627736923,0.24712953161247284,0.008941184827250351,0.0038719920845955683,-0.4585640903627274,0.36928159409151284,962.0698552027733,0.9989999999999999,0.0011453262858023843,0.005441666852851343,0.8386894774183156,1.1621119295105666,0.9774430110943529,0.022556988905647057,1.1106216011564674,0.10491985962403622,3.359192494597059,0.9093231796529142,0.0906768203470858
6,True,True,0.00786496857705655,35,,0.16712138005307126,0.25135045003516954,992.2923411247724,0.297446319672945,0.009797078637760338,0.004118822404847933,-0.34630442699884767,0.2984810336829056,1221.2929939125227,0.5223637100370225,0.011011651598924633,0.010105194812839833,0.9391139149872215,1.1621119295105666,0.7285242517414431,0.2714757482585569,1.2744544641013287,0.24251821575427315,2.5774961227575335,0.9035845669542918,0.09641543304570821
7,True,True,0.004823054614109365,31,,0.1349218717237692,0.2690730800205083,630.4663129827078,0.07261640869199536,0.00813440963781537,0.0009460990398902635,-0.3889630695011612,0.27580810111165466,1089.6497312684103,0.29862582176958014,0.013770086019415892,0.007120902649849369,0.8587389655051784,1.1621119295105666,0.8342659299112879,0.1657340700887121,1.2042403799821024,0.1858489781069168,2.838580287979438,0.900447483777881,0.09955251622211903
8,True,True,0.0077641298479849035,41,,0.16024629442800187,0.2191701026794541,756.0794886801312,0.41899806995466843,0.00895100412517975,0.005952514700751252,-0.48490640436383087,0.2833370116491628,1038.8914995962073,0.9989999999999999,0.0016953631524339859,0.002110362763218048,0.8617439999563793,1.1621119295105666,0.9633929178311856,0.036607082168814364,1.1199834790390308,0.11331393434020001,3.294229126087784,0.9021455577762661,0.09785444222373385
9,True,True,0.006673484843500679,31,,0.21681303105370153,0.2419708782566912,841.9775455677925,0.18890967542929823,0.019609458344851567,0.006650728065296237,-0.3811502909612715,0.3177535669076402,1291.4007622053691,0.14889721068108897,0.017653526687859033,0.005691543764632998,0.9509784312713034,1.1621119295105666,0.7217244355417455,0.2782755644582545,1.2791354030426103,0.24618438332837428,2.5627022151610688,0.9013517458167715,0.09864825418322853
10,True,True,0.00534892770314044,29,,0.1695530416443497,0.230977512337857,806.8466756051163,0.5993529606058933,0.007533322788196623,0.007912713668380526,-0.44529094556638327,0.2814351298214089,1085.6075235711492,0.5165631642878004,0.0065788863977143085,0.005989070610372777,0.9202662905697847,1.1621119295105666,0.8711022812989222,0.1288977187010778,1.1808356852756936,0.16622239567748334,2.945934527918886,0.9017628435892084,0.09823715641079156
11,True,True,0.004491585475832904,32,,0.17731835280123406,0.25808760626960575,731.9995313938681,0.17579931272387564,0.01733676711602383,0.0039778680708486905,-0.3779259409317057,0.3200194272368729,877.8207353873636,0.30310434950837994,0.01640631682724069,0.006552503650669542,0.9015143461126764,1.1621119295105666,0.7716509281736809,0.22834907182631914,1.2463688304536382,0.22023438816250226,2.6724959925844356,0.9017304710468372,0.09826952895316277
12,True,True,0.00649678385480645,43,,0.15532163527115447,0.24778150473024282,667.8523349302794,0.520623670405779,0.008130551687839023,0.004447877517221784,-0.4708931706994456,0.3301567070079294,912.0083308512839,0.9989999999999999,0.0016929223431956292,0.0056116185438142355,0.8529194207111537,1.1621119295105666,0.9771997209532334,0.022800279046766625,1.1106216011564674,0.10491985962403622,3.359192494597059,0.9078321219101878,0.0921678780898122
13,True,True,0.006742780990609324,29,,0.26707631616143374,0.22805864434462228,673.282582889492,0.48665047066690714,0.015107027947879118,0.014333052155829543,-0.4329546629916283,0.2817216341557363,1110.810794182673,0.27591451702082187,0.010539349667420551,0.00512204275264823,0.9128654429461598,1.1621119295105666,0.70069233441599,0.29930766558401,1.2978591588077373,0.2607161060832121,2.5062010331067377,0.9037592356812543,0.09624076431874573
14,True,True,0.012915674551180695,35,,0.23788080722188934,0.19542746860703705,989.4396079080441,0.3851114753086889,0.01400687164881519,0.008905077182697943,-0.38373804604152156,0.23827214689036882,1623.361348499053,0.3736736629634905,0.010596195218006664,0.006827570256078554,0.960631062558946,1.1621119295105666,0.6588472767928156,0.34115272320718437,1.325944792455428,0.28212525624792617,2.4287158899197316,0.9020939510812672,0.09790604891873278
15,True,True,0.006962490287010876,28,,0.21895448220542038,0.22967262782824713,498.4667387485843,0.3437627881722085,0.02060979523122505,0.008442190263378786,-0.3047228311410387,0.2642186459430418,836.0917104461454,0.4997425799252863,0.016189091054190204,0.013669527202243967,0.8350247501617223,1.1621119295105666,0.6172234122325889,0.3827765877674111,1.3680732429269638,0.3134033579184253,2.326365396456021,0.902893708431128,0.09710629156887196
16,True,True,0.005572885190284185,34,,0.14741579474835742,0.23739537335268593,686.1169152690879,0.2429474288697745,0.009945759515921124,0.003791427057772828,-0.4434952422543281,0.28891638000138853,1005.6700227765349,0.16107511690545237,0.013483461813264049,0.003926252715285433,0.8694003780772527,1.1621119295105666,0.9103337464999766,0.08966625350002344,1.1574309905692848,0.14620288582235863,3.066602953889702,0.9032279430643526,0.09677205693564739
17,True,True,0.007385503665431728,27,,0.1822721400538499,0.20355181339248213,858.1788295222684,0.5716784909260967,0.009381465332010076,0.007910865914157496,-0.403336088431258,0.23309262886934576,1235.9497317472146,0.3502510242859998,0.011907320706949021,0.0066633469176521475,0.8569097818285736,1.1621119295105666,0.7436051314119508,0.25639486858804916,1.2650925862187652,0.23514531018794682,2.607940467777503,0.9041383685657631,0.09586163143423687
18,True,True,0.006526831796612711,25,,0.14247957258086963,0.20890892080219922,832.7365994980817,0.5396796468979157,0.00620710048306052,0.00460465565550546,-0.44517673824343684,0.23706480438646355,934.2354181298996,0.40688722448847214,0.01062516892078805,0.004543578151283271,0.835436726951926,1.1621119295105666,0.8832621647849734,0.11673783521502656,1.1761547463344117,0.1622504278386804,2.9689275648399467,0.9050182942545381,0.09498170574546194
19,True,True,0.00666345991344013,37,,0.13538785270235898,0.2599969236145522,1219.0954293831626,0.10145031497720215,0.006181753146062116,0.0012422612732609917,-0.39344172307022807,0.27702175959633457,1623.9628751430753,0.5107322366857341,0.008298273496152773,0.006997470668419088,0.8971736671616262,1.1621119295105666,0.8429633799488475,0.1570366200511525,1.1995594410408206,0.18195435691834863,2.859092952514709,0.9034949578171614,0.09650504218283862
20,True,True,0.01049963954539924,34,,0.17215263400252717,0.2025265718485812,1046.3767347294302,0.37391093298313277,0.009455544991928478,0.0057027540735834666,-0.38560762641416574,0.1990784078874509,1876.75330829336,0.55963513049667,0.00759578068321359,0.008667446980583247,0.926167497658516,1.1621119295105666,0.727237677698427,0.27276232230157305,1.2697735251600468,0.23883855792278066,2.592572811576767,0.9006370579365213,0.09936294206347873
21,True,True,0.00377632986476791,31,,0.15575824706506508,0.2333203853768119,587.6447055417982,0.16869107942214262,0.01568552207279937,0.004208515463759725,-0.4317547485355573,0.2701326166279402,935.5052047147902,0.3396975982332843,0.010698397912110056,0.0061249306137532745,0.8882568767471558,1.1621119295105666,0.8696035461613296,0.13039645383867038,1.1808356852756936,0.16622239567748334,2.945934527918886,0.9001249131133606,0.09987508688663937
22,True,True,0.008821702256207984,30,,0.14629634849648848,0.20669707268788423,780.8682597037266,0.42296531732720605,0.00802122668986738,0.004318675248228793,-0.3422988545630897,0.2287571408861129,1147.746149564554,0.45410261449246053,0.013252822359531919,0.01037927618655995,0.8687032522495803,1.1621119295105666,0.7131919425538479,0.2868080574461521,1.2884972809251738,0.25347664084431826,2.5339315061446284,0.904027412364707,0.09597258763529304
23,True,True,0.0070820583430248754,31,,0.15063920948407689,0.2170595638013843,709.1858829032749,0.7260813340918155,0.0059540160713651,0.008394015827905252,-0.36412511046110474,0.25716387368570304,1116.4764538605225,0.4731875498259533,0.012196111734478488,0.009382336553517093,0.9055784243215399,1.1621119295105666,0.7475096285539373,0.2524903714460627,1.2604116472774833,0.2314383717956729,2.6236075965691064,0.9008506734650028,0.0991493265349972
24,True,True,0.004378978388479464,38,,0.1387200882042581,0.26447857756445947,1580.5909314510222,0.9527107256727776,0.0014730716614183151,0.008479043875382702,-0.4575902346881841,0.3323726362295267,1819.1050794592886,0.910814271021708,0.00208980293733921,0.00702996404438286,0.8269628860043836,1.1621119295105666,0.9806106071676293,0.019389392832370733,1.1059406622151855,0.10069625086087429,3.3930736186730988,0.9095207956574607,0.09047920434253931
25,True,True,0.004581255921786019,36,,0.15236285322958693,0.2252763883403693,662.0312013662458,0.5373602460535605,0.007632486503044149,0.005999880268001551,-0.42549968027903406,0.27444619304573004,956.6034916822348,0.741146283674324,0.006430867285228786,0.01202293217978737,0.892619051032059,1.1621119295105666,0.8624659846979952,0.13753401530200482,1.1855166242169752,0.17017864938322694,2.9234723151143966,0.9016947651866991,0.09830523481330089
26,True,True,0.006132845935815957,30,,0.14613322700799652,0.21951678330712956,1053.599761764445,0.4421309050596523,0.006083780630817326,0.004038520615170114,-0.42523260510215427,0.2617266828713157,1191.107357027677,0.3808689413718402,0.010621264751402371,0.004788524074143769,0.9191018755762922,1.1621119295105666,0.859042739708497,0.14095726029150302,1.190197563158257,0.1741193128044527,2.9015227540468604,0.9033188831038934,0.09668111689610659
27,True,True,0.0046118392357212025,25,,0.1469605370462844,0.21518522744708699,562.5918697169068,0.4088404271344949,0.01100187581933315,0.0012428408617017692,-0.36818171522471865,0.26907247767164993,885.3973646276296,0.33923018681738637,0.017633249702446535,0.00701525741565383,0.8050149997489311,1.1621119295105666,0.7567604832961489,0.24323951670385113,1.2604116472774833,0.2314383717956729,2.6236075965691064,0.9028862212605612,0.09711377873943883
28,True,True,0.005491905546652076,32,,0.15152711961905135,0.22049063786152412,523.263015226756,0.7997122071037408,0.007909965406884519,0.007391372327655506,-0.36460978408687905,0.2705556154082991,860.9483653048243,0.5287702855313526,0.013263185938414825,0.010666291097634416,0.8217935852104505,1.1621119295105666,0.7460450770106122,0.2539549229893878,1.2650925862187652,0.23514531018794682,2.607940467777503,0.9044212053251195,0.09557879467488051
29,True,True,0.008580308707210941,39,,0.2245919687442545,0.22365494032859695,1278.5547298484332,0.027610275947310827,0.04999016987450649,0.0030560611333127533,-0.43267624935474364,0.2397450784931484,2252.4119022236077,0.2831563209231448,0.007712373005313431,0.004202250898831537,0.96467451724316,1.1621119295105666,0.7923323190630318,0.2076676809369682,1.227645074688511,0.2050977608219412,2.7424518756131846,0.9056475275717871,0.09435247242821287
30,True,True,0.0060850084015751475,28,,0.19648819520471203,0.22878014342280073,874.9035676042106,0.17679205269913667,0.0198287929112944,0.004278400037619971,-0.37115665927488384,0.2850018218342358,1258.8451583519684,0.2294753149259834,0.01752784033425782,0.005184429749385012,0.8910637910947886,1.1621119295105666,0.7174249166346144,0.2825750833653856,1.2838163419838922,0.24983715919907815,2.5481832068578236,0.9004318185011739,0.09956818149882607
31,True,True,0.0058317677459673286,30,,0.1514179182767243,0.21833480653150075,1059.4206303848785,0.5018516800264854,0.006016340439923196,0.00499026686649121,-0.4368048919601606,0.27639522221549173,1316.4211102247475,0.31191110701927843,0.008790636177998929,0.004829518037923194,0.937294310890342,1.1621119295105666,0.8817984393783491,0.11820156062165088,1.1761547463344117,0.1622504278386804,2.9689275648399467,0.9041988612592853,0.09580113874071472
32,True,True,0.005628363233577915,34,,0.19488738608860645,0.2150095849917251,671.5626886680418,0.7353145383175218,0.008744896206167273,0.014831953207879273,-0.41515778939965114,0.26948448095218186,1104.9126044082166,0.5782675547986109,0.008394702004063894,0.008211285950673901,0.9293077905671131,1.1621119295105666,0.7622587196919577,0.2377412803080423,1.2510497693949199,0.2239830143824088,2.6558759831300582,0.9018893032307583,0.09811069676924167
33,True,True,0.0073243455527040495,27,,0.14304829164374178,0.25495502263872377,463.9150831493034,0.20501034282310848,0.012587774798852577,0.0006174463809767895,-0.37171063455017833,0.28061096936846397,838.6575624677645,0.36547082543845183,0.016018477354826373,0.008376678299073731,0.8302502094188742,1.1621119295105666,0.7869919896506781,0.21300801034932193,1.2370069525710745,0.21269471390472117,2.706757404043417,0.9017018810889651,0.0982981189110349
34,True,True,0.006160356497665003,29,,0.1698067685610986,0.1996862553109843,662.6892540368385,0.365447369514015,0.012587035911651645,0.006161505057475821,-0.41977928112680213,0.25125674561298994,1130.6657747049576,0.16265480235418334,0.017701407309937123,0.004373543326577576,0.8526538546512058,1.1621119295105666,0.7963765778677632,0.20362342213223683,1.2323260136297929,0.2089034515580008,2.724419946004681,0.9039257897402946,0.09607421025970542
35,True,True,0.007120397588174007,26,,0.1513961358789853,0.21141269335152926,588.4189045653045,0.26625451889676194,0.011678420824858109,0.005348236768133784,-0.32403098229757,0.2457820518897365,729.0308267346101,0.3167732097975438,0.022922074917957457,0.01003066401357009,0.8432306608679231,1.1621119295105666,0.6979961553994606,0.3020038446005394,1.3072210366903008,0.267903537933448,2.479455381554106,0.900367952162225,0.09963204783777502
36,True,True,0.005489163441974069,31,,0.1549144627555562,0.22240248737210014,759.5426820994173,0.12467655644722528,0.016505750405759276,0.0036460437720383706,-0.4144840224432393,0.26524542849055815,908.8531695396487,0.2965103783843341,0.013750457919714557,0.006484848353686252,0.868748450625458,1.1621119295105666,0.828501734065557,0.17149826593444295,1.208921318923384,0.18972849004705733,2.8185153443942648,0.9027334341938834,0.09726656580611659
37,True,True,0.006246128803555286,43,,0.1306690720501449,0.261296412308909,881.4999741364043,0.0010000000000000005,0.0050753797683802445,0.0012451803948071518,-0.08475598700059372,0.28803885477273955,885.6321130496494,0.14762155259758608,0.04915024839990964,0.009651236879962631,0.8642402353193899,1.1621119295105666,0.5886462348197159,0.4113537651802841,1.4804157775177256,0.39232297907758806,2.1136242572437776,0.9016997033254854,0.09830029667451456
38,True,True,0.006101870951959589,30,,0.16150243509137205,0.2192214267341165,1001.3387482225404,0.1490298651413252,0.012942943094133602,0.004476858174741411,-0.4218688842463395,0.24890791436058426,1517.8697851249674,0.21490299604824994,0.01131494887525815,0.005272392094687838,0.881901094686811,1.1621119295105666,0.8203645687076888,0.1796354312923112,1.213602257864666,0.1935930095190325,2.798883621688728,0.9036330171461097,0.09636698285389034
39,True,True,0.00478804936019657,32,,0.15590524083071206,0.24242652712426474,1045.3967392454574,0.8194637832979578,0.004932466027636248,0.007461617977549132,-0.43753415084836456,0.30623925202225805,1007.014968364298,0.4971547489821079,0.008071841803363672,0.0046136607536645105,0.9228185764709496,1.1621119295105666,0.89681797226361,0.10318202773638996,1.1667928684518483,0.1542588469357128,3.0165831989663534,0.9041648344735655,0.09583516552643445
