h0,H0,initial_leverage,p_surv,p_liq,killed_moment_1,killed_moment_2,killed_moment_3,killed_moment_4,conditional_moment_1,conditional_moment_2,conditional_moment_3,conditional_moment_4,unconditional_mean,unconditional_variance,conditional_mean,conditional_variance,conditional_skewness,conditional_excess_kurtosis
0.06624938554120066,1.0684931506849316,3.7037037037037037,0.6166849103073397,0.38331508969266026,0.8061033036043118,1.1014071535304464,1.5729672308696776,2.347202639793815,1.3071558751171175,1.7860128164665707,2.5506822115782786,3.80616194844792,0.8061033036043118,0.4516046174486611,1.3071558751171175,0.07735633461337343,0.6438025582419753,0.5391577760720603
0.16802573367061113,1.1829670523405897,2.9356421212837525,0.9340564019070892,0.06594359809291084,1.0625181776751689,1.264717303428278,1.5726137917995093,2.0393628849873124,1.1375310693292136,1.3540052836703107,1.6836390057266988,2.18334019318693,1.0625181776751689,0.1357724255381163,1.1375310693292136,0.06002834998104656,0.46559702266231107,0.26197093607273425
0.26980208180002163,1.309705210582141,2.472517136734954,0.9931959327229115,0.006804067277088488,1.0797623553825326,1.2203478079231322,1.4308966012106568,1.7376760563752733,1.0871594614994986,1.2287080199548028,1.4406992155996454,1.74958031856949,1.0797623553825326,0.05446106382189764,1.0871594614994986,0.046792325226923115,0.3118217760241177,0.24400288707596207
0.37157842992943213,1.4500215667309622,2.1641416317472033,0.9995644503824564,0.00043554961754355137,1.0683394041647114,1.1774709122094416,1.3365954539012557,1.5611554327101176,1.0688049217396038,1.1779839826825713,1.3371778612072922,1.5618356896474095,1.0683394041647114,0.03612182971843092,1.0688049217396038,0.035640021947770606,0.2910562620936562,0.33387821204253365
0.47335477805884263,1.6053708323038298,1.9450297605293518,0.999981768579694,1.8231420305991897e-05,1.0579859012093897,1.1474848469297638,1.2751059970932574,1.451080657086195,1.0580051901466971,1.1475057675897162,1.2751292445104585,1.451107112829878,1.0579859012093897,0.028150679771919318,1.0580051901466971,0.02813078521236756,0.32579495932946345,0.37163637014121953
0.575131126188253,1.7773635705447883,1.782061850899509,0.9999994732765974,5.267234025607692e-07,1.0501508208674317,1.1260673190487611,1.2326537206780068,1.3772595979363165,1.0501513740067367,1.1260679121750834,1.2326543699459107,1.3772603233715601,1.0501508208674317,0.023250572480220555,1.0501513740067367,0.02325000384684639,0.36121405057049294,0.38673534279434074
0.6769074743176635,1.9677828937294706,1.6566856654677946,0.9999999889949954,1.1005004574293764e-08,1.0441177613570676,1.1101392164033193,1.2018854960246057,1.324960547699255,1.0441177728475883,1.1101392286204066,1.2018855092513612,1.3249605622804521,1.0441177613570676,0.01995731682202484,1.0441177728475883,0.01995730504419857,0.3879783735486604,0.3967781070480556
0.778683822447074,2.178602949348991,1.557699381631554,0.999999999850229,1.4977097340107548e-10,1.0393544305071503,1.0979023564800579,1.1787415159297066,1.286345809645555,1.0393544306628153,1.0979023566444917,1.1787415161062478,1.2863458098382121,1.0393544305071503,0.017644724265215128,1.0393544306628153,0.017644724106066656,0.40685599332417705,0.403668964144265
0.8804601705764845,2.4120093868265133,1.4779384274968732,1.0,0.0,1.0355162411798027,1.0882595681531988,1.160822179658316,1.2569075368614495,1.0355162411798027,1.0882595681531988,1.160822179658316,1.2569075368614495,1.0355162411798027,0.01596568240605145,1.0355162411798027,0.01596568240605145,0.41949854845259305,0.4076106070797185
0.982236518705895,2.6704220169525064,1.4126062820921939,1.0,0.0,1.0323723827714002,1.080505713838196,1.1466255978125397,1.2338879735673156,1.0323723827714002,1.080505713838196,1.1466255978125397,1.2338879735673156,1.0323723827714002,0.014712977129097471,1.0323723827714002,0.014712977129097471,0.42742319195777856,0.40898677406965733
1.0840128668353055,2.956519898957429,1.3583702590422564,1.0,0.0,1.0297624826051408,1.0741676743903064,1.1351671367364469,1.2155143246575417,1.0297624826051408,1.0741676743903064,1.1351671367364469,1.2155143246575417,1.0297624826051408,0.013756903809203358,1.0297624826051408,0.013756903809203358,0.4318930260636912,0.40830534951335373
1.185789214964716,3.2732691153087905,1.3128422821310235,1.0,0.0,1.0275716236865375,1.068916521038637,1.12577614598809,1.200599710457744,1.0275716236865375,1.068916521038637,1.12577614598809,1.200599710457744,1.0275716236865375,0.01301307923285,1.0275716236865375,0.01301307923285,0.43390632021757297,0.40608753382346885
1.2875655630941265,3.62395352218418,1.274266085544518,1.0,0.0,1.0257152924773305,1.0645166529712748,1.1179809852368217,1.188322094691171,1.0257152924773305,1.0645166529712748,1.1179809852368217,1.188322094691171,1.0257152924773305,0.012424791749419128,1.0257152924773305,0.012424791749419128,0.4342235882901157,0.40279931453706475
1.389341911223537,4.012208794421779,1.2413210437847153,1.0,0.0,1.0241299389669472,1.0607949853624674,1.1114408296391136,1.1780955177146128,1.0241299389669472,1.0607949853624674,1.1114408296391136,1.1780955177146128,1.0241299389669472,0.011952853474024527,1.0241299389669472,0.011952853474024527,0.43340839063874625,0.39882418775403217
1.4911182593529475,4.442060117904935,1.212994864881202,1.0,0.0,1.0227668504654999,1.0576215574778438,1.1059035612572894,1.1694918568552366,1.0227668504654999,1.0576215574778438,1.1059035612572894,1.1694918568552366,1.0227668504654999,0.011569527066725538,1.0227668504654999,0.011569527066725538,0.4318690303766556,0.3944640868317264
1.592894607482358,4.917963920151688,1.1884985019326624,1.0,0.0,1.0215880571508629,1.0548969214720298,1.1011788554325184,1.162191537405778,1.0215880571508629,1.0548969214720298,1.1011788554325184,1.162191537405778,1.0215880571508629,0.01125476295875516,1.0215880571508629,0.01125476295875516,0.4298960160765603,0.38994392699986724
1.6946709556117685,5.444854071745673,1.1672078028601889,1.0,0.0,1.0205635240780042,1.0525437042408303,1.0971204565262582,1.1559514951592973,1.0205635240780042,1.0525437042408303,1.0971204565262582,1.1559514951592973,1.0205635240780042,0.010993797562315333,1.0205635240780042,0.010993797562315333,0.42769227507586477,0.3854250997742339
1.796447303741179,6.028193037595736,1.1486225819843945,1.0,0.0,1.019669181760935,1.0505008189079221,1.0936141953475222,1.150583775267559,1.019669181760935,1.0505008189079221,1.0936141953475222,1.150583775267559,1.019669181760935,0.010775578674907527,1.019669181760935,0.010775578674907527,0.4253970626435894,0.3810194072218329
1.8982236518705895,6.674028508328239,1.132337330723437,1.0,0.0,1.018885516630012,1.0487194053740496,1.0905696987672937,1.145940887001587,1.018885516630012,1.0487194053740496,1.0905696987672937,1.145940887001587,1.018885516630012,0.010591709375643354,1.018885516630012,0.010591709375643354,0.42310374296546577,0.37679942622650264
2.0,7.38905609893065,1.1180198788335607,1.0,0.0,1.018196544288434,1.0471599271098446,1.0879145342445542,1.141905565026395,1.018196544288434,1.0471599271098446,1.0879145342445542,1.141905565026395,1.018196544288434,0.01043572430893569,1.018196544288434,0.01043572430893569,0.4208730885708236,0.3728117062382137
